timestamp,category,approx_chars,output_tokens,ttft_ms,tpot_ms,e2e_ms,itl_p50_ms,itl_p99_ms,finish_reason,success,error_type
83804.98072481,short,48,124,501.50955200660974,176.72003301620538,22238.07361299987,120.80116799916141,643.1394010400982,stop,True,
83833.118242398,long,2096,282,802.0931709907018,218.64324873309164,62240.846064989455,201.20543100347277,689.7223110048799,stop,True,
83792.77073642,long,4207,539,357.17442599707283,190.39953702044383,102792.12534299586,197.5516009988496,652.3114632585202,stop,True,
83810.600518113,long,2029,408,741.1100169993006,209.62483873463543,86058.41938199592,199.9301710020518,687.9022795252968,stop,True,
83830.306137591,medium,307,427,729.1054289962631,215.64138349059706,92592.33479599061,200.4342399959569,683.7396002483729,stop,True,
83805.9088888,long,7545,761,638.2482670014724,204.94941639867886,156399.8047299974,197.3062260003644,662.0255100796925,stop,True,
83825.616651189,long,14910,773,1438.9169990026858,207.80597297667612,161865.12813699665,196.88095599849476,677.4167265130376,stop,True,
83812.47639478,long,9293,865,1006.6025020059897,205.04956525000696,178169.42687801202,196.21901099890238,678.4384053542454,stop,True,
83797.463830602,long,1011,1009,594.70908199728,198.9058298898719,201091.78561098815,194.73177100007888,667.6597994734759,stop,True,
83823.748480031,long,9373,870,1244.663268997101,206.5142952876804,180705.58587399137,195.7207700033905,690.9017702733403,stop,True,
83818.110899591,medium,801,959,523.9842680020956,206.80149665029998,198639.81805898948,194.74599599925568,691.6845125010874,stop,True,
83803.090912015,long,6133,1111,735.2721170027507,201.06395840901,223916.26595100388,193.29691700113472,668.3675626800699,stop,True,
83808.723154385,long,6639,1115,519.4367899966892,202.22460529891333,225797.64709298615,193.18606599699706,686.5093361648886,stop,True,
83815.294362255,medium,705,1132,504.6077610022621,202.99420952962654,230091.0587390099,193.00348100659903,693.5044069963627,stop,True,
83816.393407458,long,1159,1167,619.1591699898709,202.849802895374,237142.02934599598,192.2786669965717,691.0354690015077,stop,True,
83791.833054062,long,10311,1387,670.2581040008226,193.77708333333777,269245.29560400697,190.44761199620552,657.2044966997071,stop,True,
83828.426048155,long,8767,1162,803.8319519982906,211.83299558398582,246741.93982500583,192.2445819946006,708.8915856118558,stop,True,
83819.983128617,long,2589,1322,591.362602004665,202.69194179712719,268347.41771600966,190.73101099638734,702.0906442019618,stop,True,
83795.587532126,long,10340,1512,993.6427720094798,197.44350312441665,299330.77599300304,189.06051199883223,694.5364129933301,stop,True,
83824.734963665,long,2826,1446,423.00357899512164,201.63923703668,291791.7010969977,188.87258200265933,708.0820250004758,stop,True,
83820.920466156,long,3919,1482,553.7898959883023,201.6600390222863,299212.3076879943,188.7829810002586,705.4662417911462,stop,True,
83829.366408413,long,8825,1188,1012.042021000525,252.04112227969983,300184.85416700423,191.6138119995594,747.5778156012532,stop,True,
83827.487800947,medium,479,1502,553.5793550079688,201.8400519846691,303515.49738399626,188.21964199014474,716.5087009925628,stop,True,
83800.451228092,long,8854,1716,1127.9300500027603,198.38850134634922,341364.2098589917,186.79732199234422,703.1396093399953,stop,True,
83844.373384214,long,9497,0,,,300024.5584989898,,,,False,ConnectionError
83845.315447322,long,2524,0,,,300024.16148899647,,,,False,ConnectionError
83846.25594322,long,1412,0,,,300017.1133309923,,,,False,ConnectionError
83847.19392527,long,10180,0,,,300020.7366190007,,,,False,ConnectionError
83798.404138421,long,3230,1769,581.663874007063,196.99935022510866,348876.51507199917,186.447036008758,706.3406935699453,stop,True,
83843.435500435,long,10362,15,1558.9651179907378,21620.442060142523,304245.15395998606,204.316174997075,216.78889289672952,,False,ConnectionError
83848.127284379,long,3381,0,,,300020.040339994,,,,False,ConnectionError
83849.064903558,long,1488,0,,,300019.91954099503,,,,False,ConnectionError
83842.496649236,long,1803,31,738.5473690083018,10223.052509399713,307430.1226509997,204.2335439909948,642.7251987346975,,False,ConnectionError
83850.003261047,long,9600,0,,,300030.0460100116,,,,False,ConnectionError
83841.560871516,long,1390,36,836.9057589879958,8792.42812922873,308571.89028199355,204.69952101120725,632.8984794192354,,False,ConnectionError
83850.940998655,short,103,0,,,300021.1165429937,,,,False,ConnectionError
83840.621129787,long,8789,48,1039.1163399908692,6602.132519681076,311339.34476500144,204.38734999333974,635.8582748466868,,False,ConnectionError
83839.684214718,long,1664,70,808.6021820054157,4566.677149898538,315909.32552500453,202.8492899989942,717.0546163979449,,False,ConnectionError
83799.33905192,long,11317,1806,611.348870996153,197.34168391025122,356813.0883289996,186.06570200063288,711.9038246391577,stop,True,
83838.750366228,long,5047,88,1545.0465309986612,3663.40011640217,320260.85665798746,202.02889999200124,710.911087251734,,False,ConnectionError
83817.168528993,long,7475,1784,703.1257810012903,199.9663299657885,357243.0921100022,186.20080199616496,714.9643575921074,stop,True,
83806.843263657,long,6076,1848,754.1721469897311,199.32076037953996,368899.61656800006,185.7889420061838,717.9351910046533,stop,True,
83802.152595387,long,10383,1974,1664.3143260007491,199.43599422858262,395151.53093899426,185.3960620064754,720.1114874059567,stop,True,
83809.663337304,long,10926,1961,1564.5297470036894,198.87409590255072,391357.7577160031,185.37385200033896,719.391678381653,stop,True,
83794.658449797,long,9520,2058,843.503376992885,204.61404701167186,421734.5980800019,185.52280199946836,721.8272750009783,stop,True,
83822.796502914,long,6510,2093,803.6533309932565,200.09880295745992,419410.34911799943,185.1756919932086,721.646005693183,stop,True,
83836.871995061,long,5254,721,2062.3137390066404,578.7606202791721,418769.9603400106,183.7094820002676,728.4570787940173,stop,True,
83814.352115327,long,4052,2269,561.845855001593,198.31074202292893,450330.6087630044,184.87411699607037,720.991296096181,stop,True,
83837.80843379,long,10539,694,1975.97864898853,626.4743055165942,436122.6723719883,183.32533299690112,735.4459849291017,stop,True,
83987.483676066,long,3581,0,,,300018.35740800016,,,,False,ConnectionError
83793.709779289,long,4208,2535,679.5215440070024,195.10741005011576,495081.6986110003,184.16580250050174,719.5545571311961,stop,True,
83990.647615188,long,9874,0,,,300030.219740991,,,,False,ConnectionError
83819.055329488,long,10667,2376,849.1943270055344,199.66781391662937,475060.2523790003,184.43804200796876,721.9276032026393,stop,True,
83834.059617345,long,12902,1280,1496.1752039962448,361.5788248404994,463955.492174995,183.1336420000298,730.1888282003347,stop,True,
83998.557509523,long,9150,0,,,300021.06057199126,,,,False,ConnectionError
83896.659616805,long,2163,672,280719.9988420034,204.8331467436629,418163.0403070012,182.13744199601933,729.3245956985626,stop,True,
83796.528510764,long,9059,2667,964.6936650096904,196.0803170442596,523714.8189050058,183.91012699430576,721.2555639991479,stop,True,
83807.786160596,long,8820,272,801.4492419897579,210.46238885981947,57836.75662300084,198.63151099707466,690.7078999953229,stop,True,
83829.364680403,medium,221,196,1013.6523709952598,230.58282290771902,45977.30283800047,201.75095000013243,696.6664391450468,stop,True,
83816.406913747,long,2748,382,604.952700989088,217.6386748320329,83525.28781199362,200.70267999835778,689.2279330058954,stop,True,
83818.106252431,short,39,463,529.1203880042303,215.1156490649378,99912.55025600549,200.07869999972172,677.2412475332383,stop,True,
83826.547259558,long,2252,424,671.0404449986527,215.5899938676054,91865.60785099573,200.38526999996975,685.0260948418868,stop,True,
83802.152044987,long,10121,609,1501.7893820040626,202.52912210854015,124639.49562399648,198.4830750079709,654.285132806981,stop,True,
83798.397658992,long,8643,652,587.9643929947633,200.53286533180435,131134.8597239994,198.10059000155888,663.5853904954274,stop,True,
83800.507082067,long,6118,647,1084.2052540101577,203.19417681887958,132347.64347900636,198.4972505015321,664.744873854942,stop,True,
83791.833634232,long,4902,765,626.4981590065872,193.1410231295725,148186.23982999998,197.35186050093034,661.131567900011,stop,True,
83804.9798113,long,5127,683,502.77665100293234,205.21267823753072,140457.8232089989,198.28690049325814,671.9180709197838,stop,True,
83822.792536244,medium,829,638,806.6502019937616,211.92383346153957,135802.13211699447,198.3432709967019,682.6606577116761,stop,True,
83808.721573015,medium,825,723,520.7333099970128,207.43789122575927,150290.8907749952,197.7974059918779,668.211597125773,stop,True,
83828.424524175,medium,794,660,805.9158410032978,211.1018489681162,139922.03431099188,198.02413099387195,690.4176951988482,stop,True,
83817.165023463,long,1513,923,707.3734309960855,206.34730982212812,190959.5930869982,195.66000149643514,694.2010710870088,stop,True,
83796.521286684,long,9436,1155,941.0574780049501,197.1927483500811,228501.48907399853,192.80660649383208,663.1329097319399,stop,True,
83797.460905252,long,8396,1221,597.5485420058249,197.88900515573675,242022.13483200467,192.30875150242355,669.1275368820052,stop,True,
83806.846454307,long,2287,1309,750.7808670052327,200.78460750840597,263377.04748800024,191.08335099735996,687.190560567252,stop,True,
83794.656757927,long,6974,1421,793.1220619939268,196.12585309718474,279291.83345999627,189.90961149393115,668.9789425792687,stop,True,
83801.226744146,long,1888,1404,440.14775700634345,198.6493145089059,279145.1360130013,190.11951200081967,688.3600154603486,stop,True,
83825.610351449,long,1942,1277,1427.7181409997866,201.90322875862884,259056.2380370102,190.99313649348915,698.147580245859,stop,True,
83809.659724154,long,9075,1370,1525.4004809976323,200.4358102951116,275922.0247750054,190.03392200102098,689.7682234068631,stop,True,
83821.888239652,long,7607,1313,1540.0421609956538,202.94246955716784,267800.56221999985,190.91450099949725,703.4603805160449,stop,True,
83799.336038981,long,3136,1470,614.0782400034368,198.48116173451442,292182.9048280051,189.42936199891847,698.7132642802312,stop,True,
83803.092745104,long,4375,1617,814.8801099887351,198.2926107029745,321255.73900599557,187.6500170037616,702.7213416549778,stop,True,
83843.435599335,long,5944,2,1583.01966599538,300210.69161100604,301793.7112770014,209.35525000095367,209.35525000095367,,False,ConnectionError
83844.372876194,medium,604,1,856.3533459964674,300000.3068119986,300856.66015799507,,,,False,ConnectionError
83845.317646952,long,7127,0,,,300022.5544690038,,,,False,ConnectionError
83810.597931103,long,7470,1669,743.5654069995508,200.43352613309435,335066.68699700094,186.89503200585023,706.5342511737248,stop,True,
83846.252273071,long,3429,0,,,300017.69876999606,,,,False,ConnectionError
83847.187453221,long,4585,0,,,300018.811388989,,,,False,ConnectionError
83848.125382709,long,6433,0,,,300021.76943000813,,,,False,ConnectionError
83849.065195688,long,8256,0,,,300019.6215909964,,,,False,ConnectionError
83813.414580949,long,1444,1679,619.678079005098,200.19137365136984,336540.8030660037,187.21271650429117,717.4788043032459,stop,True,
83850.002676717,long,4945,0,,,300030.27240998927,,,,False,ConnectionError
83842.496817506,long,1683,32,737.1789789904142,9899.981042677668,307636.5913019981,204.85571000608616,639.1870027946422,,False,ConnectionError
83841.557459927,long,5567,37,840.104518996668,8553.792992305614,308776.6522419988,204.04590499674669,627.6815135526699,,False,ConnectionError
83850.939763075,long,6914,0,,,300022.2355129954,,,,False,ConnectionError
83840.620774437,long,1569,48,1039.6479799965164,6602.088761829865,311337.8197860002,203.7873309891438,636.1421274367601,,False,ConnectionError
83839.683108029,long,8574,71,811.6753009962849,4504.351955900035,316116.31221399875,203.35817049635807,717.8371472525761,,False,ConnectionError
83838.745595019,long,6056,94,1508.3423439937178,3438.381801021532,321277.8498389962,201.98254099523183,705.4356948070925,,False,ConnectionError
83823.752328291,long,1815,1680,1256.5402170002926,201.32139224538685,339275.1577970048,186.93479298963211,720.0628351868363,stop,True,
83811.54488906,long,2850,1828,637.8189490060322,199.8889294843995,365834.89311700396,185.7611619925592,719.6157816526829,stop,True,
83795.582644586,long,10844,2097,940.046417992562,196.4624901068745,412725.4256820015,184.97490650042892,719.0861524417415,stop,True,
83918.41351324,long,1147,134,258967.22375700483,267.13336675191084,294495.961535009,183.31015200237744,738.6340244032908,stop,True,
83814.349465258,long,7002,2027,565.4569640028058,199.79453976604242,405349.19453000475,185.3750520022004,722.4688734968367,stop,True,
83968.347693506,long,8226,0,,,300016.72730999417,,,,False,ConnectionError
83815.294671665,long,1299,2384,503.9957799890544,198.0255865845618,472398.9686109999,184.58006299624685,720.9733635836164,stop,True,
83830.300711772,long,6414,1856,733.863879009732,252.47376299082902,469072.69422699756,184.87190200539771,729.2240842620959,stop,True,
83824.740789754,medium,382,2405,417.2797589999391,199.21522694883564,479330.6853440008,184.346687499783,722.1861933750915,stop,True,
83832.180734629,long,7827,1498,870.9625549963675,315.83425009485876,473674.8349469999,183.4169420035323,726.5117807686329,stop,True,
83805.911621929,long,1534,2575,636.1511580034858,198.38457726029628,511278.0530260061,184.05317200813442,720.7682298094733,stop,True,
